"filename", "language", "Java", "XML", "Java Properties", "comment", "blank", "total"
"d:\School Projects\BasicGraphics-main\FinalProject\build.xml", "XML", 0, -5, 0, -68, -1, -74
"d:\School Projects\BasicGraphics-main\FinalProject\build\built-jar.properties", "Java Properties", 0, 0, -1, -1, -3, -5
"d:\School Projects\BasicGraphics-main\FinalProject\build\classes\SoundPlayer.class", "Java", -44, 0, 0, 0, 0, -44
"d:\School Projects\BasicGraphics-main\FinalProject\build\classes\basicflyer\Falcon.class", "Java", -21, 0, 0, 0, 0, -21
"d:\School Projects\BasicGraphics-main\FinalProject\build\classes\basicflyer\Flyer$1.class", "Java", -15, 0, 0, 0, 0, -15
"d:\School Projects\BasicGraphics-main\FinalProject\build\classes\basicflyer\Flyer$2.class", "Java", -14, 0, 0, 0, 0, -14
"d:\School Projects\BasicGraphics-main\FinalProject\build\classes\basicflyer\Flyer$3.class", "Java", -27, 0, 0, 0, 0, -27
"d:\School Projects\BasicGraphics-main\FinalProject\build\classes\basicflyer\Flyer.class", "Java", -36, 0, 0, 0, 0, -36
"d:\School Projects\BasicGraphics-main\FinalProject\build\classes\basicflyer\Plasma.class", "Java", -16, 0, 0, 0, 0, -16
"d:\School Projects\BasicGraphics-main\FinalProject\build\classes\basicgraphics\BadComponent.class", "Java", -11, 0, 0, 0, 0, -11
"d:\School Projects\BasicGraphics-main\FinalProject\build\classes\basicgraphics\BasicContainer.class", "Java", -49, 0, 0, 0, -2, -51
"d:\School Projects\BasicGraphics-main\FinalProject\build\classes\basicgraphics\BasicFrame$1.class", "Java", -18, 0, 0, 0, 0, -18
"d:\School Projects\BasicGraphics-main\FinalProject\build\classes\basicgraphics\BasicFrame$2.class", "Java", -13, 0, 0, 0, 0, -13
"d:\School Projects\BasicGraphics-main\FinalProject\build\classes\basicgraphics\BasicFrame$3.class", "Java", -12, 0, 0, 0, 0, -12
"d:\School Projects\BasicGraphics-main\FinalProject\build\classes\basicgraphics\BasicFrame$4.class", "Java", -11, 0, 0, 0, 0, -11
"d:\School Projects\BasicGraphics-main\FinalProject\build\classes\basicgraphics\BasicFrame$MenuHolder.class", "Java", -9, 0, 0, 0, 0, -9
"d:\School Projects\BasicGraphics-main\FinalProject\build\classes\basicgraphics\BasicFrame.class", "Java", -154, 0, 0, 0, -3, -157
"d:\School Projects\BasicGraphics-main\FinalProject\build\classes\basicgraphics\BasicLayoutException.class", "Java", -6, 0, 0, 0, 0, -6
"d:\School Projects\BasicGraphics-main\FinalProject\build\classes\basicgraphics\Bounds.class", "Java", -9, 0, 0, 0, 0, -9
"d:\School Projects\BasicGraphics-main\FinalProject\build\classes\basicgraphics\ByNameLayout.class", "Java", -43, 0, 0, 0, -2, -45
"d:\School Projects\BasicGraphics-main\FinalProject\build\classes\basicgraphics\ClockWorker$1$1.class", "Java", -10, 0, 0, 0, 0, -10
"d:\School Projects\BasicGraphics-main\FinalProject\build\classes\basicgraphics\ClockWorker$1.class", "Java", -14, 0, 0, 0, 0, -14
"d:\School Projects\BasicGraphics-main\FinalProject\build\classes\basicgraphics\ClockWorker.class", "Java", -18, 0, 0, 0, 0, -18
"d:\School Projects\BasicGraphics-main\FinalProject\build\classes\basicgraphics\CollisionEventType.class", "Java", -18, 0, 0, 0, 0, -18
"d:\School Projects\BasicGraphics-main\FinalProject\build\classes\basicgraphics\CollisionState.class", "Java", -18, 0, 0, 0, 0, -18
"d:\School Projects\BasicGraphics-main\FinalProject\build\classes\basicgraphics\ErrorComponent.class", "Java", -10, 0, 0, 0, 0, -10
"d:\School Projects\BasicGraphics-main\FinalProject\build\classes\basicgraphics\FileUtility.class", "Java", -29, 0, 0, 0, 0, -29
"d:\School Projects\BasicGraphics-main\FinalProject\build\classes\basicgraphics\GuiException.class", "Java", -10, 0, 0, 0, 0, -10
"d:\School Projects\BasicGraphics-main\FinalProject\build\classes\basicgraphics\KeyWrapper$1.class", "Java", -8, 0, 0, 0, 0, -8
"d:\School Projects\BasicGraphics-main\FinalProject\build\classes\basicgraphics\KeyWrapper$2.class", "Java", -9, 0, 0, 0, 0, -9
"d:\School Projects\BasicGraphics-main\FinalProject\build\classes\basicgraphics\KeyWrapper$3.class", "Java", -8, 0, 0, 0, 0, -8
"d:\School Projects\BasicGraphics-main\FinalProject\build\classes\basicgraphics\KeyWrapper.class", "Java", -23, 0, 0, 0, 0, -23
"d:\School Projects\BasicGraphics-main\FinalProject\build\classes\basicgraphics\MouseWrapper$1.class", "Java", -8, 0, 0, 0, 0, -8
"d:\School Projects\BasicGraphics-main\FinalProject\build\classes\basicgraphics\MouseWrapper$2.class", "Java", -8, 0, 0, 0, 0, -8
"d:\School Projects\BasicGraphics-main\FinalProject\build\classes\basicgraphics\MouseWrapper$3.class", "Java", -9, 0, 0, 0, 0, -9
"d:\School Projects\BasicGraphics-main\FinalProject\build\classes\basicgraphics\MouseWrapper$4.class", "Java", -8, 0, 0, 0, 0, -8
"d:\School Projects\BasicGraphics-main\FinalProject\build\classes\basicgraphics\MouseWrapper$5.class", "Java", -8, 0, 0, 0, 0, -8
"d:\School Projects\BasicGraphics-main\FinalProject\build\classes\basicgraphics\MouseWrapper.class", "Java", -29, 0, 0, 0, 0, -29
"d:\School Projects\BasicGraphics-main\FinalProject\build\classes\basicgraphics\Sprite.class", "Java", -88, 0, 0, 0, 0, -88
"d:\School Projects\BasicGraphics-main\FinalProject\build\classes\basicgraphics\SpriteCollisionEvent.class", "Java", -18, 0, 0, 0, 0, -18
"d:\School Projects\BasicGraphics-main\FinalProject\build\classes\basicgraphics\SpriteComponent$1.class", "Java", -13, 0, 0, 0, 0, -13
"d:\School Projects\BasicGraphics-main\FinalProject\build\classes\basicgraphics\SpriteComponent$2.class", "Java", -11, 0, 0, 0, 0, -11
"d:\School Projects\BasicGraphics-main\FinalProject\build\classes\basicgraphics\SpriteComponent$3.class", "Java", -11, 0, 0, 0, 0, -11
"d:\School Projects\BasicGraphics-main\FinalProject\build\classes\basicgraphics\SpriteComponent.class", "Java", -107, 0, 0, -57, 0, -164
"d:\School Projects\BasicGraphics-main\FinalProject\build\classes\basicgraphics\SpriteSpriteCollisionListener.class", "Java", -3, 0, 0, 0, 0, -3
"d:\School Projects\BasicGraphics-main\FinalProject\build\classes\basicgraphics\Task.class", "Java", -24, 0, 0, 0, 0, -24
"d:\School Projects\BasicGraphics-main\FinalProject\build\classes\basicgraphics\TaskRunner$1.class", "Java", -13, 0, 0, 0, 0, -13
"d:\School Projects\BasicGraphics-main\FinalProject\build\classes\basicgraphics\TaskRunner.class", "Java", -20, 0, 0, 0, 0, -20
"d:\School Projects\BasicGraphics-main\FinalProject\build\classes\basicgraphics\Util.class", "Java", -32, 0, 0, 0, 0, -32
"d:\School Projects\BasicGraphics-main\FinalProject\build\classes\basicgraphics\calculator\Auto$1.class", "Java", -10, 0, 0, 0, 0, -10
"d:\School Projects\BasicGraphics-main\FinalProject\build\classes\basicgraphics\calculator\Auto.class", "Java", -42, 0, 0, 0, 0, -42
"d:\School Projects\BasicGraphics-main\FinalProject\build\classes\basicgraphics\calculator\CalcTester.class", "Java", -76, 0, 0, 0, 0, -76
"d:\School Projects\BasicGraphics-main\FinalProject\build\classes\basicgraphics\calculator\Calculator$1.class", "Java", -9, 0, 0, 0, 0, -9
"d:\School Projects\BasicGraphics-main\FinalProject\build\classes\basicgraphics\calculator\Calculator$2.class", "Java", -15, 0, 0, 0, 0, -15
"d:\School Projects\BasicGraphics-main\FinalProject\build\classes\basicgraphics\calculator\Calculator$3.class", "Java", -12, 0, 0, 0, 0, -12
"d:\School Projects\BasicGraphics-main\FinalProject\build\classes\basicgraphics\calculator\Calculator$4.class", "Java", -11, 0, 0, 0, 0, -11
"d:\School Projects\BasicGraphics-main\FinalProject\build\classes\basicgraphics\calculator\Calculator.class", "Java", -43, 0, 0, 0, 0, -43
"d:\School Projects\BasicGraphics-main\FinalProject\build\classes\basicgraphics\calculator\MarsData.class", "Java", -37, 0, 0, 0, 0, -37
"d:\School Projects\BasicGraphics-main\FinalProject\build\classes\basicgraphics\cards\CardLayoutExample$1.class", "Java", -10, 0, 0, 0, 0, -10
"d:\School Projects\BasicGraphics-main\FinalProject\build\classes\basicgraphics\cards\CardLayoutExample$2.class", "Java", -10, 0, 0, 0, 0, -10
"d:\School Projects\BasicGraphics-main\FinalProject\build\classes\basicgraphics\cards\CardLayoutExample$3$1.class", "Java", -14, 0, 0, 0, 0, -14
"d:\School Projects\BasicGraphics-main\FinalProject\build\classes\basicgraphics\cards\CardLayoutExample$3.class", "Java", -20, 0, 0, 0, 0, -20
"d:\School Projects\BasicGraphics-main\FinalProject\build\classes\basicgraphics\cards\CardLayoutExample.class", "Java", -38, 0, 0, 0, 0, -38
"d:\School Projects\BasicGraphics-main\FinalProject\build\classes\basicgraphics\examples\BasicGraphics$1.class", "Java", -13, 0, 0, 0, 0, -13
"d:\School Projects\BasicGraphics-main\FinalProject\build\classes\basicgraphics\examples\BasicGraphics$2.class", "Java", -11, 0, 0, 0, 0, -11
"d:\School Projects\BasicGraphics-main\FinalProject\build\classes\basicgraphics\examples\BasicGraphics$3.class", "Java", -9, 0, 0, 0, 0, -9
"d:\School Projects\BasicGraphics-main\FinalProject\build\classes\basicgraphics\examples\BasicGraphics$4.class", "Java", -12, 0, 0, 0, 0, -12
"d:\School Projects\BasicGraphics-main\FinalProject\build\classes\basicgraphics\examples\BasicGraphics$5$1.class", "Java", -12, 0, 0, 0, 0, -12
"d:\School Projects\BasicGraphics-main\FinalProject\build\classes\basicgraphics\examples\BasicGraphics$5.class", "Java", -23, 0, 0, 0, 0, -23
"d:\School Projects\BasicGraphics-main\FinalProject\build\classes\basicgraphics\examples\BasicGraphics$Ball.class", "Java", -17, 0, 0, 0, 0, -17
"d:\School Projects\BasicGraphics-main\FinalProject\build\classes\basicgraphics\examples\BasicGraphics.class", "Java", -75, 0, 0, 0, 0, -75
"d:\School Projects\BasicGraphics-main\FinalProject\build\classes\basicgraphics\examples\Bat.class", "Java", -15, 0, 0, 0, 0, -15
"d:\School Projects\BasicGraphics-main\FinalProject\build\classes\basicgraphics\examples\Foo.class", "Java", -7, 0, 0, 0, 0, -7
"d:\School Projects\BasicGraphics-main\FinalProject\build\classes\basicgraphics\images\IconImage.class", "Java", -5, 0, 0, 0, 0, -5
"d:\School Projects\BasicGraphics-main\FinalProject\build\classes\basicgraphics\images\Picture.class", "Java", -58, 0, 0, -41, 0, -99
"d:\School Projects\BasicGraphics-main\FinalProject\build\classes\basicgraphics\images\RuntimeIOException.class", "Java", -10, 0, 0, 0, 0, -10
"d:\School Projects\BasicGraphics-main\FinalProject\build\classes\basicgraphics\sounds\ReusableClip.class", "Java", -90, 0, 0, 0, 0, -90
"d:\School Projects\BasicGraphics-main\FinalProject\build\classes\basicshooter\Bullet.class", "Java", -26, 0, 0, 0, 0, -26
"d:\School Projects\BasicGraphics-main\FinalProject\build\classes\basicshooter\Enemy.class", "Java", -34, 0, 0, 0, 0, -34
"d:\School Projects\BasicGraphics-main\FinalProject\build\classes\basicshooter\Game$1.class", "Java", -13, 0, 0, 0, 0, -13
"d:\School Projects\BasicGraphics-main\FinalProject\build\classes\basicshooter\Game$2.class", "Java", -12, 0, 0, 0, 0, -12
"d:\School Projects\BasicGraphics-main\FinalProject\build\classes\basicshooter\Game$3.class", "Java", -12, 0, 0, 0, 0, -12
"d:\School Projects\BasicGraphics-main\FinalProject\build\classes\basicshooter\Game$4.class", "Java", -12, 0, 0, 0, 0, -12
"d:\School Projects\BasicGraphics-main\FinalProject\build\classes\basicshooter\Game$5.class", "Java", -12, 0, 0, 0, 0, -12
"d:\School Projects\BasicGraphics-main\FinalProject\build\classes\basicshooter\Game$6.class", "Java", -12, 0, 0, 0, 0, -12
"d:\School Projects\BasicGraphics-main\FinalProject\build\classes\basicshooter\Game$7.class", "Java", -17, 0, 0, 0, 0, -17
"d:\School Projects\BasicGraphics-main\FinalProject\build\classes\basicshooter\Game$8.class", "Java", -19, 0, 0, 0, 0, -19
"d:\School Projects\BasicGraphics-main\FinalProject\build\classes\basicshooter\Game.class", "Java", -51, 0, 0, 0, 0, -51
"d:\School Projects\BasicGraphics-main\FinalProject\build\classes\basicshooter\Shooter.class", "Java", -12, 0, 0, 0, 0, -12
"d:\School Projects\BasicGraphics-main\FinalProject\build\classes\beowulf\dragons\Main$1.class", "Java", -9, 0, 0, 0, 0, -9
"d:\School Projects\BasicGraphics-main\FinalProject\build\classes\beowulf\dragons\Main$2$1.class", "Java", -21, 0, 0, 0, 0, -21
"d:\School Projects\BasicGraphics-main\FinalProject\build\classes\beowulf\dragons\Main$2.class", "Java", -8, 0, 0, 0, 0, -8
"d:\School Projects\BasicGraphics-main\FinalProject\build\classes\beowulf\dragons\Main$3.class", "Java", -21, 0, 0, 0, 0, -21
"d:\School Projects\BasicGraphics-main\FinalProject\build\classes\beowulf\dragons\Main$Command.class", "Java", -7, 0, 0, 0, 0, -7
"d:\School Projects\BasicGraphics-main\FinalProject\build\classes\beowulf\dragons\Main$DragonSprite.class", "Java", -10, 0, 0, 0, 0, -10
"d:\School Projects\BasicGraphics-main\FinalProject\build\classes\beowulf\dragons\Main$ImageCommand.class", "Java", -10, 0, 0, 0, 0, -10
"d:\School Projects\BasicGraphics-main\FinalProject\build\classes\beowulf\dragons\Main.class", "Java", -154, 0, 0, 0, 0, -154
"d:\School Projects\BasicGraphics-main\FinalProject\build\classes\boardgame\Board.class", "Java", -22, 0, 0, 0, 0, -22
"d:\School Projects\BasicGraphics-main\FinalProject\build\classes\boardgame\Game.class", "Java", -11, 0, 0, 0, 0, -11
"d:\School Projects\BasicGraphics-main\FinalProject\build\classes\boardgame\Move.class", "Java", -5, 0, 0, 0, 0, -5
"d:\School Projects\BasicGraphics-main\FinalProject\build\classes\boardgame\MoveListener.class", "Java", -2, 0, 0, 0, 0, -2
"d:\School Projects\BasicGraphics-main\FinalProject\build\classes\boardgame\Piece.class", "Java", -7, 0, 0, 0, 0, -7
"d:\School Projects\BasicGraphics-main\FinalProject\build\classes\boardgame\Player.class", "Java", -2, 0, 0, 0, 0, -2
"d:\School Projects\BasicGraphics-main\FinalProject\build\classes\langtonsant\Ant$1.class", "Java", -15, 0, 0, -1, 0, -16
"d:\School Projects\BasicGraphics-main\FinalProject\build\classes\langtonsant\Ant.class", "Java", -22, 0, 0, 0, 0, -22
"d:\School Projects\BasicGraphics-main\FinalProject\build\classes\langtonsant\AntSprite$1.class", "Java", -11, 0, 0, 0, 0, -11
"d:\School Projects\BasicGraphics-main\FinalProject\build\classes\langtonsant\AntSprite.class", "Java", -44, 0, 0, 0, 0, -44
"d:\School Projects\BasicGraphics-main\FinalProject\build\classes\lightsout\LightsOutGame.class", "Java", -34, 0, 0, 0, 0, -34
"d:\School Projects\BasicGraphics-main\FinalProject\build\classes\lightsout\Tile.class", "Java", -43, 0, 0, 0, 0, -43
"d:\School Projects\BasicGraphics-main\FinalProject\build\classes\maze\Cell.class", "Java", -8, 0, 0, 0, 0, -8
"d:\School Projects\BasicGraphics-main\FinalProject\build\classes\maze\Maze$1$1.class", "Java", -12, 0, 0, 0, 0, -12
"d:\School Projects\BasicGraphics-main\FinalProject\build\classes\maze\Maze$1.class", "Java", -22, 0, 0, 0, 0, -22
"d:\School Projects\BasicGraphics-main\FinalProject\build\classes\maze\Maze$2.class", "Java", -15, 0, 0, 0, 0, -15
"d:\School Projects\BasicGraphics-main\FinalProject\build\classes\maze\Maze.class", "Java", -129, 0, 0, 0, -1, -130
"d:\School Projects\BasicGraphics-main\FinalProject\build\classes\maze\MazePathFinder.class", "Java", -32, 0, 0, 0, 0, -32
"d:\School Projects\BasicGraphics-main\FinalProject\build\classes\maze\MazeViz$1.class", "Java", -21, 0, 0, 0, 0, -21
"d:\School Projects\BasicGraphics-main\FinalProject\build\classes\maze\MazeViz$2.class", "Java", -7, 0, 0, 0, 0, -7
"d:\School Projects\BasicGraphics-main\FinalProject\build\classes\maze\MazeViz$3.class", "Java", -13, 0, 0, 0, 0, -13
"d:\School Projects\BasicGraphics-main\FinalProject\build\classes\maze\MazeViz.class", "Java", -33, 0, 0, -4, -1, -38
"d:\School Projects\BasicGraphics-main\FinalProject\build\classes\maze\PathFinder.class", "Java", -4, 0, 0, 0, 0, -4
"d:\School Projects\BasicGraphics-main\FinalProject\build\classes\maze\Pos.class", "Java", -15, 0, 0, 0, 0, -15
"d:\School Projects\BasicGraphics-main\FinalProject\build\classes\myFinalProject\Game.class", "Java", -11, 0, 0, 0, 0, -11
"d:\School Projects\BasicGraphics-main\FinalProject\build\classes\myFinalProject\characters.class", "Java", -10, 0, 0, 0, 0, -10
"d:\School Projects\BasicGraphics-main\FinalProject\build\classes\myFinalProject\choices.class", "Java", -4, 0, 0, 0, -1, -5
"d:\School Projects\BasicGraphics-main\FinalProject\build\classes\myFinalProject\choicesImpl.class", "Java", -24, 0, 0, 0, 0, -24
"d:\School Projects\BasicGraphics-main\FinalProject\build\classes\myFinalProject\rollers.class", "Java", -18, 0, 0, 0, 0, -18
"d:\School Projects\BasicGraphics-main\FinalProject\build\classes\prog\game\Dice.class", "Java", -23, 0, 0, 0, 0, -23
"d:\School Projects\BasicGraphics-main\FinalProject\build\classes\prog\game\Game$1.class", "Java", -14, 0, 0, 0, 0, -14
"d:\School Projects\BasicGraphics-main\FinalProject\build\classes\prog\game\Game$2$1.class", "Java", -11, 0, 0, 0, 0, -11
"d:\School Projects\BasicGraphics-main\FinalProject\build\classes\prog\game\Game$2.class", "Java", -12, 0, 0, 0, 0, -12
"d:\School Projects\BasicGraphics-main\FinalProject\build\classes\prog\game\Game$3.class", "Java", -15, 0, 0, 0, 0, -15
"d:\School Projects\BasicGraphics-main\FinalProject\build\classes\prog\game\Game$4.class", "Java", -54, 0, 0, 0, 0, -54
"d:\School Projects\BasicGraphics-main\FinalProject\build\classes\prog\game\Game$Position.class", "Java", -6, 0, 0, 0, 0, -6
"d:\School Projects\BasicGraphics-main\FinalProject\build\classes\prog\game\Game.class", "Java", -136, 0, 0, 0, 0, -136
"d:\School Projects\BasicGraphics-main\FinalProject\build\classes\prog\game\Game2$GameIter.class", "Java", -26, 0, 0, 0, 0, -26
"d:\School Projects\BasicGraphics-main\FinalProject\build\classes\prog\game\Game2$_Block.class", "Java", -14, 0, 0, 0, -1, -15
"d:\School Projects\BasicGraphics-main\FinalProject\build\classes\prog\game\Game2$_Cell.class", "Java", -9, 0, 0, 0, 0, -9
"d:\School Projects\BasicGraphics-main\FinalProject\build\classes\prog\game\Game2$_ElIf.class", "Java", -13, 0, 0, 0, 0, -13
"d:\School Projects\BasicGraphics-main\FinalProject\build\classes\prog\game\Game2$_Else.class", "Java", -13, 0, 0, 0, 0, -13
"d:\School Projects\BasicGraphics-main\FinalProject\build\classes\prog\game\Game2$_If.class", "Java", -18, 0, 0, 0, 0, -18
"d:\School Projects\BasicGraphics-main\FinalProject\build\classes\prog\game\Game2$_While.class", "Java", -13, 0, 0, 0, 0, -13
"d:\School Projects\BasicGraphics-main\FinalProject\build\classes\prog\game\Game2.class", "Java", -119, 0, 0, 0, 0, -119
"d:\School Projects\BasicGraphics-main\FinalProject\build\classes\prog\game\ProgSpriteComponent.class", "Java", -25, 0, 0, 0, 0, -25
"d:\School Projects\BasicGraphics-main\FinalProject\build\classes\robosorter\Board$1.class", "Java", -20, 0, 0, -2, 0, -22
"d:\School Projects\BasicGraphics-main\FinalProject\build\classes\robosorter\Board$2.class", "Java", -12, 0, 0, 0, 0, -12
"d:\School Projects\BasicGraphics-main\FinalProject\build\classes\robosorter\Board.class", "Java", -27, 0, 0, 0, 0, -27
"d:\School Projects\BasicGraphics-main\FinalProject\build\classes\robosorter\EggSorter.class", "Java", -61, 0, 0, 0, 0, -61
"d:\School Projects\BasicGraphics-main\FinalProject\build\classes\robosorter\MartianEgg.class", "Java", -29, 0, 0, 0, 0, -29
"d:\School Projects\BasicGraphics-main\FinalProject\build\classes\robosorter\Mover$1.class", "Java", -12, 0, 0, 0, 0, -12
"d:\School Projects\BasicGraphics-main\FinalProject\build\classes\robosorter\Mover.class", "Java", -36, 0, 0, 0, 0, -36
"d:\School Projects\BasicGraphics-main\FinalProject\build\classes\robosorter\Robo$1.class", "Java", -13, 0, 0, 0, 0, -13
"d:\School Projects\BasicGraphics-main\FinalProject\build\classes\robosorter\Robo.class", "Java", -31, 0, 0, 0, 0, -31
"d:\School Projects\BasicGraphics-main\FinalProject\build\classes\trees\BTree.class", "Java", -20, 0, 0, 0, 0, -20
"d:\School Projects\BasicGraphics-main\FinalProject\build\classes\trees\Node.class", "Java", -26, 0, 0, 0, 0, -26
"d:\School Projects\BasicGraphics-main\FinalProject\build\classes\walkthedog\Dog$1.class", "Java", -16, 0, 0, 0, 0, -16
"d:\School Projects\BasicGraphics-main\FinalProject\build\classes\walkthedog\Dog.class", "Java", -18, 0, 0, -4, 0, -22
"d:\School Projects\BasicGraphics-main\FinalProject\build\classes\walkthedog\WalkDog.class", "Java", -27, 0, 0, 0, 0, -27
"d:\School Projects\BasicGraphics-main\FinalProject\nbproject\build-impl.xml", "XML", 0, -1633, 0, -138, -1, -1772
"d:\School Projects\BasicGraphics-main\FinalProject\nbproject\genfiles.properties", "Java Properties", 0, 0, -6, -2, -1, -9
"d:\School Projects\BasicGraphics-main\FinalProject\nbproject\private\config.properties", "Java Properties", 0, 0, 0, 0, -1, -1
"d:\School Projects\BasicGraphics-main\FinalProject\nbproject\private\private.properties", "Java Properties", 0, 0, -9, 0, -1, -10
"d:\School Projects\BasicGraphics-main\FinalProject\nbproject\private\private.xml", "XML", 0, -7, 0, 0, -1, -8
"d:\School Projects\BasicGraphics-main\FinalProject\nbproject\project.properties", "Java Properties", 0, 0, -82, -4, -1, -87
"d:\School Projects\BasicGraphics-main\FinalProject\nbproject\project.xml", "XML", 0, -16, 0, 0, -1, -17
"d:\School Projects\BasicGraphics-main\FinalProject\src\basicflyer\Falcon.java", "Java", -38, 0, 0, -23, -5, -66
"d:\School Projects\BasicGraphics-main\FinalProject\src\basicflyer\Flyer.java", "Java", -92, 0, 0, -16, -4, -112
"d:\School Projects\BasicGraphics-main\FinalProject\src\basicflyer\Plasma.java", "Java", -26, 0, 0, -26, -6, -58
"d:\School Projects\BasicGraphics-main\FinalProject\src\basicgraphics\BadComponent.java", "Java", -19, 0, 0, -9, -6, -34
"d:\School Projects\BasicGraphics-main\FinalProject\src\basicgraphics\BasicContainer.java", "Java", -104, 0, 0, -19, -12, -135
"d:\School Projects\BasicGraphics-main\FinalProject\src\basicgraphics\BasicFrame.java", "Java", -362, 0, 0, -125, -39, -526
"d:\School Projects\BasicGraphics-main\FinalProject\src\basicgraphics\BasicLayoutException.java", "Java", -6, 0, 0, -9, -4, -19
"d:\School Projects\BasicGraphics-main\FinalProject\src\basicgraphics\Bounds.java", "Java", -15, 0, 0, -9, -2, -26
"d:\School Projects\BasicGraphics-main\FinalProject\src\basicgraphics\ByNameLayout.java", "Java", -103, 0, 0, -11, -7, -121
"d:\School Projects\BasicGraphics-main\FinalProject\src\basicgraphics\ClockWorker.java", "Java", -54, 0, 0, -10, -8, -72
"d:\School Projects\BasicGraphics-main\FinalProject\src\basicgraphics\CollisionEventType.java", "Java", -4, 0, 0, -9, -2, -15
"d:\School Projects\BasicGraphics-main\FinalProject\src\basicgraphics\CollisionState.java", "Java", -4, 0, 0, -9, -2, -15
"d:\School Projects\BasicGraphics-main\FinalProject\src\basicgraphics\ErrorComponent.java", "Java", -17, 0, 0, -11, -3, -31
"d:\School Projects\BasicGraphics-main\FinalProject\src\basicgraphics\FileUtility.java", "Java", -63, 0, 0, -10, -8, -81
"d:\School Projects\BasicGraphics-main\FinalProject\src\basicgraphics\GuiException.java", "Java", -11, 0, 0, -9, -6, -26
"d:\School Projects\BasicGraphics-main\FinalProject\src\basicgraphics\KeyWrapper.java", "Java", -38, 0, 0, -9, -8, -55
"d:\School Projects\BasicGraphics-main\FinalProject\src\basicgraphics\MouseWrapper.java", "Java", -54, 0, 0, -9, -10, -73
"d:\School Projects\BasicGraphics-main\FinalProject\src\basicgraphics\Sprite.java", "Java", -255, 0, 0, -59, -38, -352
"d:\School Projects\BasicGraphics-main\FinalProject\src\basicgraphics\SpriteCollisionEvent.java", "Java", -34, 0, 0, -9, -3, -46
"d:\School Projects\BasicGraphics-main\FinalProject\src\basicgraphics\SpriteComponent.java", "Java", -393, 0, 0, -26, -46, -465
"d:\School Projects\BasicGraphics-main\FinalProject\src\basicgraphics\SpriteSpriteCollisionListener.java", "Java", -4, 0, 0, -9, -2, -15
"d:\School Projects\BasicGraphics-main\FinalProject\src\basicgraphics\Task.java", "Java", -41, 0, 0, -9, -3, -53
"d:\School Projects\BasicGraphics-main\FinalProject\src\basicgraphics\TaskRunner.java", "Java", -45, 0, 0, -28, -3, -76
"d:\School Projects\BasicGraphics-main\FinalProject\src\basicgraphics\Util.java", "Java", -65, 0, 0, -34, -14, -113
"d:\School Projects\BasicGraphics-main\FinalProject\src\basicgraphics\calculator\Auto.java", "Java", -68, 0, 0, -9, -6, -83
"d:\School Projects\BasicGraphics-main\FinalProject\src\basicgraphics\calculator\CalcTester.java", "Java", -154, 0, 0, -9, -26, -189
"d:\School Projects\BasicGraphics-main\FinalProject\src\basicgraphics\calculator\Calculator.java", "Java", -124, 0, 0, -24, -8, -156
"d:\School Projects\BasicGraphics-main\FinalProject\src\basicgraphics\calculator\MarsData.java", "Java", -68, 0, 0, -10, -8, -86
"d:\School Projects\BasicGraphics-main\FinalProject\src\basicgraphics\cards\CardLayoutExample.java", "Java", -108, 0, 0, -10, -8, -126
"d:\School Projects\BasicGraphics-main\FinalProject\src\basicgraphics\examples\BasicGraphics.java", "Java", -180, 0, 0, -13, -27, -220
"d:\School Projects\BasicGraphics-main\FinalProject\src\basicgraphics\examples\Bat.java", "Java", -30, 0, 0, -9, -5, -44
"d:\School Projects\BasicGraphics-main\FinalProject\src\basicgraphics\images\IconImage.java", "Java", -3, 0, 0, -9, -3, -15
"d:\School Projects\BasicGraphics-main\FinalProject\src\basicgraphics\images\Picture.java", "Java", -225, 0, 0, -41, -18, -284
"d:\School Projects\BasicGraphics-main\FinalProject\src\basicgraphics\images\RuntimeIOException.java", "Java", -13, 0, 0, -9, -6, -28
"d:\School Projects\BasicGraphics-main\FinalProject\src\basicgraphics\sounds\ReusableClip.java", "Java", -142, 0, 0, -6, -19, -167
"d:\School Projects\BasicGraphics-main\FinalProject\src\basicgraphics\sounds\SoundPlayer.java", "Java", -57, 0, 0, -41, -7, -105
"d:\School Projects\BasicGraphics-main\FinalProject\src\basicshooter\Bullet.java", "Java", -31, 0, 0, -9, -4, -44
"d:\School Projects\BasicGraphics-main\FinalProject\src\basicshooter\Enemy.java", "Java", -53, 0, 0, -13, -8, -74
"d:\School Projects\BasicGraphics-main\FinalProject\src\basicshooter\Game.java", "Java", -115, 0, 0, -9, -9, -133
"d:\School Projects\BasicGraphics-main\FinalProject\src\basicshooter\Shooter.java", "Java", -11, 0, 0, -9, -3, -23
"d:\School Projects\BasicGraphics-main\FinalProject\src\beowulf\dragons\Main.java", "Java", -331, 0, 0, -14, -16, -361
"d:\School Projects\BasicGraphics-main\FinalProject\src\boardgame\Board.java", "Java", -30, 0, 0, -9, -8, -47
"d:\School Projects\BasicGraphics-main\FinalProject\src\boardgame\Game.java", "Java", -16, 0, 0, -9, -4, -29
"d:\School Projects\BasicGraphics-main\FinalProject\src\boardgame\Move.java", "Java", -12, 0, 0, -9, -2, -23
"d:\School Projects\BasicGraphics-main\FinalProject\src\boardgame\MoveListener.java", "Java", -4, 0, 0, -9, -2, -15
"d:\School Projects\BasicGraphics-main\FinalProject\src\boardgame\Piece.java", "Java", -9, 0, 0, -9, -2, -20
"d:\School Projects\BasicGraphics-main\FinalProject\src\boardgame\Player.java", "Java", -5, 0, 0, -9, -3, -17
"d:\School Projects\BasicGraphics-main\FinalProject\src\langtonsant\Ant.java", "Java", -48, 0, 0, -9, -3, -60
"d:\School Projects\BasicGraphics-main\FinalProject\src\langtonsant\AntSprite.java", "Java", -48, 0, 0, -9, -7, -64
"d:\School Projects\BasicGraphics-main\FinalProject\src\lightsout\LightsOutGame.java", "Java", -50, 0, 0, -4, -13, -67
"d:\School Projects\BasicGraphics-main\FinalProject\src\lightsout\Tile.java", "Java", -57, 0, 0, -3, -14, -74
"d:\School Projects\BasicGraphics-main\FinalProject\src\maze\Cell.java", "Java", -10, 0, 0, -20, -4, -34
"d:\School Projects\BasicGraphics-main\FinalProject\src\maze\Maze.java", "Java", -273, 0, 0, -39, -25, -337
"d:\School Projects\BasicGraphics-main\FinalProject\src\maze\MazePathFinder.java", "Java", -62, 0, 0, -9, -4, -75
"d:\School Projects\BasicGraphics-main\FinalProject\src\maze\MazeViz.java", "Java", -82, 0, 0, -9, -6, -97
"d:\School Projects\BasicGraphics-main\FinalProject\src\maze\PathFinder.java", "Java", -8, 0, 0, -83, -6, -97
"d:\School Projects\BasicGraphics-main\FinalProject\src\maze\Pos.java", "Java", -20, 0, 0, -15, -3, -38
"d:\School Projects\BasicGraphics-main\FinalProject\src\myFinalProject\gamePlayer.java", "Java", 0, 0, 0, 0, 2, 2
"d:\School Projects\BasicGraphics-main\FinalProject\src\prog\game\Dice.java", "Java", -66, 0, 0, -10, -5, -81
"d:\School Projects\BasicGraphics-main\FinalProject\src\prog\game\Game.java", "Java", -339, 0, 0, -53, -31, -423
"d:\School Projects\BasicGraphics-main\FinalProject\src\prog\game\Game2.java", "Java", -384, 0, 0, -14, -43, -441
"d:\School Projects\BasicGraphics-main\FinalProject\src\prog\game\ProgSpriteComponent.java", "Java", -50, 0, 0, -9, -6, -65
"d:\School Projects\BasicGraphics-main\FinalProject\src\robosorter\Board.java", "Java", -101, 0, 0, -18, -12, -131
"d:\School Projects\BasicGraphics-main\FinalProject\src\robosorter\EggSorter.java", "Java", -127, 0, 0, -10, -5, -142
"d:\School Projects\BasicGraphics-main\FinalProject\src\robosorter\MartianEgg.java", "Java", -31, 0, 0, -9, -3, -43
"d:\School Projects\BasicGraphics-main\FinalProject\src\robosorter\Mover.java", "Java", -54, 0, 0, -9, -8, -71
"d:\School Projects\BasicGraphics-main\FinalProject\src\robosorter\Robo.java", "Java", -42, 0, 0, -9, -4, -55
"d:\School Projects\BasicGraphics-main\FinalProject\src\trees\BTree.java", "Java", -67, 0, 0, -5, -10, -82
"d:\School Projects\BasicGraphics-main\FinalProject\src\walkthedog\WalkDog.java", "Java", -57, 0, 0, -9, -4, -70
"Total", "-", -9346, -1661, -98, -1472, -679, -13256